"ID","Description","GeneRatio","BgRatio","RichFactor","FoldEnrichment","zScore","pvalue","p.adjust","qvalue","geneID","Count"
"GO:0048667","cell morphogenesis involved in neuron differentiation","6/34","12/479",0.5,7.04411764705882,5.85515630599937,5.58986784827458e-05,0.00927257320243324,0.00857294953423345,"ACTB/ACTG1/MYOT/CFL1/EIF4G2/NEXN",6
"GO:0048812","neuron projection morphogenesis","6/34","12/479",0.5,7.04411764705882,5.85515630599937,5.58986784827458e-05,0.00927257320243324,0.00857294953423345,"ACTB/ACTG1/MYOT/CFL1/EIF4G2/NEXN",6
"GO:0048858","cell projection morphogenesis","6/34","12/479",0.5,7.04411764705882,5.85515630599937,5.58986784827458e-05,0.00927257320243324,0.00857294953423345,"ACTB/ACTG1/MYOT/CFL1/EIF4G2/NEXN",6
"GO:0120039","plasma membrane bounded cell projection morphogenesis","6/34","12/479",0.5,7.04411764705882,5.85515630599937,5.58986784827458e-05,0.00927257320243324,0.00857294953423345,"ACTB/ACTG1/MYOT/CFL1/EIF4G2/NEXN",6
"GO:0030030","cell projection organization","9/34","30/479",0.3,4.22647058823529,5.04009321572443,7.78118030973418e-05,0.00927257320243324,0.00857294953423345,"ACTB/ACTG1/RGS2/MYOT/CFL1/HSP90AA1/EIF4G2/VDAC3/NEXN",9
"GO:0120036","plasma membrane bounded cell projection organization","9/34","30/479",0.3,4.22647058823529,5.04009321572443,7.78118030973418e-05,0.00927257320243324,0.00857294953423345,"ACTB/ACTG1/RGS2/MYOT/CFL1/HSP90AA1/EIF4G2/VDAC3/NEXN",9
"GO:0031175","neuron projection development","7/34","21/479",0.333333333333333,4.69607843137255,4.78290206305536,0.00027617240398962,0.0282090384075112,0.0260806420609747,"ACTB/ACTG1/RGS2/MYOT/CFL1/EIF4G2/NEXN",7
"GO:0043412","macromolecule modification","12/34","61/479",0.19672131147541,2.77145612343298,4.08959760561981,0.000371332819314099,0.0331878707261976,0.0306838171749018,"ACTB/TRIM63/RGS2/MKNK2/HSP90AB1/SQSTM1/APOBEC2/HSPB1/ASB2/UBC/HSP90AA1/SYNPO2",12
